Date,Open,High,Low,Close,Adj Close,Volume
10/17/2016,30,30,25.65,25.65,24.801096,251900
10/18/2016,26.172001,26.172001,23.790001,24.440001,23.631144,349300
10/19/2016,24.860001,24.860001,24.15,24.26,23.4571,222700
10/20/2016,24.26,24.26,24.26,24.26,23.4571,0
10/21/2016,24.25,25.110001,24.25,24.92,24.095255,354600
10/24/2016,25.209999,25.43,24.85,25.23,24.394997,384600
10/25/2016,25,25.700001,24.5,24.52,23.708492,1305600
10/26/2016,24.26,24.889999,24.08,24.75,23.930882,1537700
10/27/2016,24.82,24.969999,24.66,24.83,24.008232,847100
10/28/2016,24.83,24.83,24,24.360001,23.553785,1666800
10/31/2016,24.5,24.77,24,24.24,23.437759,4294700
11/1/2016,24.51,27.135,24,26.190001,25.323225,87709200
11/2/2016,26.190001,27.4,26.190001,26.59,25.709988,15943800
11/3/2016,26.780001,27.1,26.639999,26.85,25.96138,7706500
11/4/2016,26.98,28.139999,26.851,27.58,26.667223,9972000
11/7/2016,27.870001,28.66,26.35,26.709999,25.826012,12851300
11/8/2016,25.98,27.26,25.610001,26.59,25.709988,11444800
11/9/2016,25.959999,26.610001,25.959999,26,25.139509,8522500
11/10/2016,26.26,26.780001,25.85,26,25.139509,8073500
11/11/2016,25.83,28.035,25.83,26.98,26.087076,7137200
11/14/2016,27.09,27.379999,25.68,25.879999,25.023483,4946600
11/15/2016,25.9,26.65,25.5,26.559999,25.680977,8663100
11/16/2016,26.4,27.610001,26.4,26.940001,26.048399,4773700
11/17/2016,27.16,27.215,26.93,27.09,26.193438,2739200
11/18/2016,27.139999,28.620001,27.030001,28.25,27.315044,4080400
11/21/2016,28.16,28.99,27.969999,28.92,27.962873,3358700
11/22/2016,28.959999,30.370001,28.959999,29.98,28.987789,6464900
11/23/2016,29.75,30.275,29.08,29.790001,28.804077,2751000
11/25/2016,29.780001,29.879999,27.690001,29.450001,28.475328,2468700
11/28/2016,29.309999,29.379999,28.219999,28.35,27.411737,3884000
11/29/2016,28.4,28.700001,27.809999,28.59,27.643793,3001200
11/30/2016,28.59,28.77,27.76,28.120001,27.18935,7216800
12/1/2016,28.200001,28.584999,27.82,28.25,27.315044,3484600
12/2/2016,27.870001,28.790001,27.5,28.15,27.218353,2818300
12/5/2016,28.23,28.540001,27.99,28,27.073322,2724200
12/6/2016,28.049999,28.389999,27.67,28.35,27.411737,8360900
12/7/2016,28.27,28.48,27.9,28.02,27.092657,3596100
12/8/2016,28.190001,28.290001,27.440001,28.02,27.092657,4637300
12/9/2016,27.940001,28.440001,27.92,28,27.073322,2989400
12/12/2016,27.75,27.84,26.32,26.450001,25.574619,3768200
12/13/2016,26.48,27.26,26.290001,27.02,26.125753,2702400
12/14/2016,26.68,27.945,26.68,27.040001,26.145094,1795200
12/15/2016,26.48,27.1,26.23,26.4,25.526272,2216200
12/16/2016,26.290001,26.42,25.9,26.18,25.313555,3376000
12/19/2016,26.02,26.49,25.68,25.92,25.062159,5160100
12/20/2016,25.9,27.028999,25.700001,26.67,25.787338,2814400
12/21/2016,26.530001,26.99,26.5,26.629999,25.748659,1195900
12/22/2016,26.4,26.57,25.99,26.16,25.294218,1095300
12/23/2016,26.059999,26.35,25.860001,26.01,25.149181,919900
12/27/2016,25.780001,26.129999,25.780001,25.870001,25.013815,2233400
12/28/2016,25.860001,26.01,25.780001,25.99,25.129843,1577200
12/29/2016,25.82,26.209999,25.82,26,25.139509,606700
12/30/2016,26.049999,26.209999,25.85,26.120001,25.255541,975800
1/3/2017,26.51,26.549999,26.02,26.24,25.371569,1440900
1/4/2017,26.32,26.690001,26.1,26.620001,25.738993,1206100
1/5/2017,26.91,27.15,26.610001,26.99,26.096746,1310200
1/6/2017,26.85,26.959999,26.1,26.16,25.294218,1794600
1/9/2017,26.190001,26.57,25.84,26.049999,25.187855,1432000
1/10/2017,26.07,26.540001,25.93,26.18,25.313555,2390800
1/11/2017,25.950001,26.139999,25.76,26.059999,25.197521,2585700
1/12/2017,25.809999,26.07,25.790001,25.99,25.129843,1659400
1/13/2017,25.99,26.08,25.799999,25.969999,25.110506,1886200
1/17/2017,26.34,26.950001,26.290001,26.67,25.787338,2655300
1/18/2017,26.610001,26.940001,26.389999,26.49,25.613295,2112900
1/19/2017,26.35,26.639999,25.9,26,25.139509,2213900
1/20/2017,25.959999,26.4,25.93,26.049999,25.187855,1592500
1/23/2017,26.18,26.85,26.049999,26.709999,25.826012,1538500
1/24/2017,27.129999,27.35,26.68,26.92,26.029064,1975100
1/25/2017,26.940001,27.280001,26.540001,27,26.106413,2045200
1/26/2017,27.02,28.42,26.905001,27.99,27.063648,3032200
1/27/2017,28,28.209999,27.809999,28.049999,27.121664,2069500
1/30/2017,27.73,27.98,27.4,27.719999,26.802586,1592100
1/31/2017,27.469999,28.719999,27.24,27.48,26.570524,1941000
2/1/2017,27.4,27.790001,27.280001,27.559999,26.647884,1785000
2/2/2017,27.379999,28.700001,27.33,28.49,27.547098,2089700
2/3/2017,28.370001,28.559999,28.120001,28.43,27.48909,2014100
2/6/2017,28.67,29.35,28.48,28.790001,27.837177,2565100
2/7/2017,28.799999,29.110001,27.879999,28.1,27.170008,3551300
2/8/2017,28.24,28.24,26.65,27.129999,26.232111,3599000
2/9/2017,27.129999,27.4,26.49,26.959999,26.067738,5458000
2/10/2017,26.950001,27.280001,26.309999,26.559999,25.680977,3485300
2/13/2017,26.610001,27.805,26.42,27.26,26.357809,3808800
2/14/2017,27.299999,27.43,26.514999,26.629999,25.748659,2575000
2/15/2017,26.620001,26.68,26.23,26.65,25.768,2196900
2/16/2017,26.74,27.09,26.65,26.85,25.96138,1805400
2/17/2017,26.83,26.940001,26.450001,26.57,25.690645,2160000
2/21/2017,26.9,26.93,26.49,26.75,25.864687,1848400
2/22/2017,26.83,27.094999,26.5,26.77,25.884026,2679800
2/23/2017,26.860001,27.09,26.57,26.77,25.884026,2697900
2/24/2017,26.91,27.4,26.809999,26.99,26.096746,1976800
2/27/2017,26.790001,27.18,26.33,27,26.106413,2898400
2/28/2017,27.07,27.139999,26.450001,26.59,25.709988,6440500
3/1/2017,26.799999,26.85,26.48,26.5,25.622961,2553800
3/2/2017,26.309999,26.49,26.18,26.41,25.535944,2358800
3/3/2017,26.35,26.74,26.35,26.51,25.632629,1538500
3/6/2017,26.6,26.639999,26.16,26.309999,25.439253,2961100
3/7/2017,26.309999,26.370001,26,26.01,25.149181,3218000
3/8/2017,26.049999,26.5,26.049999,26.379999,25.506933,1857500
3/9/2017,26.290001,26.545,26.129999,26.200001,25.332893,1311300
3/10/2017,26.35,26.66,26.094999,26.35,25.477928,1818100
3/13/2017,26.389999,26.67,26.370001,26.48,25.603626,1771700
3/14/2017,26.379999,26.51,25.93,26,25.139509,1863000
3/15/2017,26.02,26.049999,25.530001,25.860001,25.004147,2592000
3/16/2017,25.860001,26.32,25.860001,26.23,25.361898,2085800
3/17/2017,26.110001,26.35,26.1,26.280001,25.410246,2899300
3/20/2017,26.370001,27.08,26.299999,26.93,26.038734,6310600
3/21/2017,26.93,27.1,26.43,26.67,25.787338,3903800
3/22/2017,26.549999,27.040001,26.530001,26.84,25.951712,2540000
3/23/2017,26.799999,26.82,26.309999,26.32,25.448921,1909300
3/24/2017,26.219999,26.360001,26.1,26.139999,25.274879,2699000
3/27/2017,26.09,26.530001,26.07,26.459999,25.584284,1803800
3/28/2017,26.4,26.76,26.4,26.549999,25.671305,2952300
3/29/2017,26.59,26.790001,26.49,26.610001,25.729322,3001200
3/30/2017,26.629999,26.690001,26.33,26.52,25.642302,4001300
3/31/2017,26.5,27.225,26.34,27.200001,26.299793,3286300
4/3/2017,27.17,27.370001,27.120001,27.200001,26.299793,2686400
4/4/2017,27.200001,28.049999,27.195,27.959999,27.034645,3299400
4/5/2017,27.93,28.725,27.860001,28.18,27.247362,4974300
4/6/2017,31.450001,32.119999,30.4,30.76,29.741978,14655700
4/7/2017,30.780001,31.32,30.67,31.15,30.119064,6870100
4/10/2017,31.139999,31.559999,30.799999,31.35,30.312447,4645000
4/11/2017,31.450001,32.57,31.41,32.5,31.424389,4381400
4/12/2017,32.400002,32.779999,32.369999,32.639999,31.559753,3612900
4/13/2017,32.540001,33.119999,32.450001,32.990002,31.898178,2508400
4/17/2017,33.049999,33.099998,32.59,32.939999,31.849823,2862200
4/18/2017,32.860001,33.209999,32.639999,32.759998,31.675785,4145700
4/19/2017,32.900002,33.099998,32.720001,33.009998,31.917507,3386800
4/20/2017,33.200001,33.279999,32.560001,33.080002,31.985203,3096400
4/21/2017,33,33.07,32.575001,32.75,31.666115,2787700
4/24/2017,32.84,33.382999,32.799999,33.32,32.217247,2486800
4/25/2017,33.419998,33.740002,33.18,33.700001,32.584675,3275200
4/26/2017,33.669998,34.5,33.59,34.389999,33.251842,2538100
4/27/2017,34.5,34.646,34.189999,34.25,33.116467,1872400
4/28/2017,34.32,34.650002,34.029999,34.119999,32.990772,1418400
5/1/2017,34.119999,34.639999,34.07,34.57,33.425884,1434000
5/2/2017,34.709999,35.345001,34.540001,34.779999,33.628933,1940800
5/3/2017,34.950001,35.139999,34.41,35.080002,33.918999,1419500
5/4/2017,35.189999,35.57,34.345001,34.5,33.358204,2482700
5/5/2017,34.029999,34.060001,33.150002,33.830002,32.710377,1944300
5/8/2017,33.799999,33.889999,33.290001,33.779999,32.662022,2564600
5/9/2017,33.73,34.150002,33.73,34.099998,32.971436,1252000
5/10/2017,34.18,34.900002,34.09,34.799999,33.648266,3387800
5/11/2017,34.630001,34.630001,34.169998,34.299999,33.164814,2441600
5/12/2017,34.130001,34.75,34.130001,34.52,33.377537,2277000
5/15/2017,34.439999,34.52,33.73,33.799999,32.681355,2360500
5/16/2017,34.34,35.259998,34.16,35.040001,33.880325,3240300
5/17/2017,34.68,35.200001,34.619999,34.639999,33.493561,2260400
5/18/2017,34.299999,35.959999,34.299999,35.59,34.412121,1988900
5/19/2017,36.099998,36.48,35.916,36.349998,35.146969,2116700
5/22/2017,36.32,37.169998,36.209999,36.91,35.688431,5030900
5/23/2017,37,37.799999,36.950001,37.669998,36.423286,2669100
5/24/2017,37.700001,37.91,37.290001,37.490002,36.249241,2385200
5/25/2017,37.689999,38.049999,37.610001,37.779999,36.529636,1816800
5/26/2017,37.740002,38.490002,37.700001,37.759998,36.510303,1937000
5/30/2017,37.759998,38.525002,37.73,37.849998,36.597332,2994500
5/31/2017,37.720001,38.700001,37.610001,38.41,37.138794,10222200
6/1/2017,38.57,40.290001,38.48,40,38.676174,6339100
6/2/2017,40.25,40.279999,39.52,39.939999,38.618156,3820800
6/5/2017,39.959999,40.5,39.709999,40.450001,39.111279,2212600
6/6/2017,40.549999,41.02,40.299999,40.75,39.401352,2737700
6/7/2017,40.810001,41.724998,40.810001,41.700001,40.319916,2564400
6/8/2017,41.919998,42.119999,40.419998,40.75,39.401352,4647400
6/9/2017,40.400002,40.869999,39.630001,39.790001,38.473125,3615500
6/12/2017,39.669998,39.68,37.919998,39.380001,38.076687,5451700
6/13/2017,39.68,40,39.310001,39.73,38.415108,2435400
6/14/2017,39.639999,39.73,39.16,39.700001,38.386101,2204500
6/15/2017,39.41,39.720001,39.110001,39.68,38.36676,2315700
6/16/2017,39.73,40.110001,39.5,39.880001,38.560139,3680600
6/19/2017,40.400002,40.580002,39.919998,40.509998,39.169292,2220700
6/20/2017,40.619999,40.68,40,40.130001,38.801865,2880900
6/21/2017,40.139999,40.799999,40.009998,40.580002,39.236973,2673100
6/22/2017,40.84,40.900002,40.080002,40.369999,39.03392,1877800
6/23/2017,40.459999,40.650002,39.904999,39.990002,38.666504,7245700
6/26/2017,40.290001,40.849998,40.130001,40.439999,39.101601,2204800
6/27/2017,40.290001,40.290001,39.380001,39.439999,38.134708,1491700
6/28/2017,39.560001,39.77,39.040001,39.439999,38.134708,2684300
6/29/2017,39.25,39.34,38.419998,38.810001,37.525551,2967300
6/30/2017,39.18,39.634998,38.709999,39.43,38.125042,2439200
7/3/2017,39.400002,40.450001,39.150002,40.27,38.937233,2015100
7/5/2017,40.549999,40.59,39.400002,40.130001,38.801865,4491400
7/6/2017,36.439999,36.5,33.560001,34.950001,33.793304,15765400
7/7/2017,36,37.639999,35.630001,37.32,36.084869,13551700
7/10/2017,37.299999,37.610001,36.84,37.32,36.084869,7158700
7/11/2017,37.400002,37.779999,37.115002,37.330002,36.094543,3139600
7/12/2017,37.639999,37.860001,37.209999,37.549999,36.307255,2850300
7/13/2017,37.450001,37.599998,36.790001,37.040001,35.814137,3063100
7/14/2017,37.209999,37.560001,37,37.07,35.843147,1856400
7/17/2017,37.07,37.32,36.830002,37.07,35.843147,2676500
7/18/2017,37.029999,37.240002,36.889999,37.049999,35.823803,2078700
7/19/2017,37.209999,37.98,37,37.049999,35.823803,1589300
7/20/2017,37.279999,37.639999,36.970001,37.48,36.239571,2597100
7/21/2017,37.5,37.73,37.009998,37.16,35.930164,1504500
7/24/2017,37.139999,37.5,36.990002,37.18,35.949505,1550300
7/25/2017,37.380001,37.479,36.700001,36.799999,35.582069,2223800
7/26/2017,36.810001,36.900002,36.320999,36.509998,35.30167,3315400
7/27/2017,36.5,36.900002,35.919998,36.209999,35.011604,4557000
7/28/2017,36.18,36.18,35.799999,35.889999,34.702194,2124900
7/31/2017,35.799999,36.360001,35.709999,35.790001,34.605499,2839400
8/1/2017,36.009998,36.630001,35.849998,36.490002,35.282337,1981100
8/2/2017,36.57,36.970001,36.040001,36.830002,35.611088,1720000
8/3/2017,36.900002,37,36.529999,36.810001,35.591747,1472600
8/4/2017,36.919998,37.25,36.630001,37.130001,35.901154,1278400
8/7/2017,37.02,37.560001,36.66,37.18,35.949505,1457300
8/8/2017,37.200001,37.540001,37.105,37.130001,35.901154,1607500
8/9/2017,37.060001,37.630001,36.779999,37.27,36.036514,1717300
8/10/2017,37.09,37.509998,36.950001,37.330002,36.094543,1525900
8/11/2017,37.139999,38.09,36.889999,37.799999,36.548981,1470500
8/14/2017,38.049999,38.16,36.970001,37.119999,35.891483,2065900
8/15/2017,37.200001,37.75,37.200001,37.23,35.997849,1121100
8/16/2017,37.240002,38,37.189999,37.849998,36.597332,1854700
8/17/2017,37.75,38.200001,37.23,37.240002,36.007519,1557000
8/18/2017,37.32,37.389999,36.77,37.049999,35.823803,1628900
8/21/2017,37.169998,37.470001,36.970001,37.380001,36.142876,994900
8/22/2017,37.599998,37.93,37.060001,37.099998,35.872143,1921500
8/23/2017,36.689999,37.099998,36.32,36.700001,35.485386,1343800
8/24/2017,36.84,36.869999,36.130001,36.27,35.069618,2275300
8/25/2017,36.310001,36.330002,35.689999,35.75,34.566826,3160000
8/28/2017,35.900002,36.07,35.419998,35.650002,34.470142,4085800
8/29/2017,35.369999,35.400002,34.98,35.18,34.015694,2337100
8/30/2017,35.310001,35.43,35.125,35.139999,33.977016,2126000
8/31/2017,35.130001,35.610001,35.099998,35.360001,34.189735,2903200
9/1/2017,35.509998,35.889999,35.470001,35.799999,34.61517,3109100
9/5/2017,35.869999,37.169998,35.849998,36.66,35.446712,4607700
9/6/2017,36.700001,36.759998,35.880001,35.93,34.740871,2358900
9/7/2017,36.459999,36.459999,35.689999,35.799999,34.61517,1497500
9/8/2017,35.799999,35.900002,35.494999,35.630001,34.450806,1619000
9/11/2017,35.799999,36.299999,35.799999,36.049999,34.856895,6208600
9/12/2017,36.139999,36.400002,36,36.18,34.982597,1933100
9/13/2017,36.139999,37,36,36.790001,35.572403,1910100
9/14/2017,36.799999,37.439999,36.688,36.959999,35.736786,3096800
9/15/2017,36.82,37.709999,36.82,37.380001,36.142876,2694100
9/18/2017,37.970001,39.98,37.830002,38.860001,37.573902,3893800
9/19/2017,38.91,39.830002,38.860001,39.689999,38.376427,2645100
9/20/2017,39.689999,40.360001,39.689999,40.189999,38.859882,2345200
9/21/2017,40.139999,40.139999,39.290001,39.84,38.521465,1692500
9/22/2017,39.84,40.150002,39.560001,39.709999,38.395763,2195500
9/25/2017,39.540001,39.540001,38.639999,39.110001,37.815624,3638900
9/26/2017,39.02,39.810001,39.02,39.689999,38.376427,1479600
9/27/2017,39.650002,40.490002,39.349998,39.779999,38.463455,2549800
9/28/2017,39.599998,40.095001,39.459999,39.900002,38.579487,1980500
9/29/2017,40,40.630001,39.630001,39.970001,38.647163,2094000
10/2/2017,39.849998,40.459999,39.779999,40.389999,39.053253,1537900
10/3/2017,40.490002,40.990002,40.220001,40.310001,38.97591,2244500
10/4/2017,40.310001,40.650002,39.779999,39.889999,38.569813,2343300
10/5/2017,39.990002,40.294998,39.75,39.970001,38.647163,4624800
10/6/2017,40.700001,41.099998,39.220001,40.82,39.469036,8022800
10/9/2017,41.360001,43.32,41.360001,42.990002,41.567219,5168200
10/10/2017,43,43.470001,42.18,42.509998,41.1031,4702600
10/11/2017,42.509998,43.029999,42.279999,42.389999,40.987072,2849100
10/12/2017,42.639999,43.43,42.5,42.939999,41.51886,3082200
10/13/2017,43.07,43.549999,42.77,42.939999,41.51886,2277300
10/16/2017,42.950001,43.130001,42.529999,42.66,41.248138,1589600
10/17/2017,42.5,42.849998,42.43,42.68,41.267475,1974600
10/18/2017,42.849998,42.970001,42.459999,42.459999,41.054752,1433400
10/19/2017,42.150002,42.23,41.509998,41.900002,40.513287,2270300
10/20/2017,42,42.32,41.93,42.150002,40.755024,2340700
10/23/2017,42.27,42.68,42.099998,42.23,40.832367,1712600
10/24/2017,42.43,42.529999,40.68,40.939999,39.58506,3222700
10/25/2017,40.810001,40.860001,39.439999,40.119999,38.792202,3548300
10/26/2017,40.290001,40.950001,40.290001,40.610001,39.265984,2121100
10/27/2017,40.57,40.827999,39.799999,40.110001,38.782532,1285200
10/30/2017,40,40.639999,40,40.43,39.091946,2123700
10/31/2017,40.41,40.52,40,40.349998,39.014587,1543200
11/1/2017,40.470001,40.848999,39.880001,39.889999,38.569813,1857200
11/2/2017,39.919998,40.664001,39.919998,40.169998,38.840546,1926100
11/3/2017,40.279999,41.849998,40.279999,41.810001,40.426266,3313900
11/6/2017,41.790001,42.049999,41.119999,41.16,39.797783,2513900
11/7/2017,41.110001,41.400002,40.939999,41.200001,39.836456,1576600
11/8/2017,41.25,41.799999,40.991001,41.049999,39.691422,1677900
11/9/2017,40.82,41.174999,40.43,41.060001,39.701088,1294000
11/10/2017,40.810001,41.759998,40.810001,41.73,40.348911,1360000
11/13/2017,41.759998,42.459999,41.48,42.130001,40.735676,1899400
11/14/2017,42,42.48,41.560001,41.959999,40.571301,1376200
11/15/2017,41.93,41.93,40.779999,41.450001,40.07819,1870100
11/16/2017,41.720001,42.290001,41.630001,42.23,40.832367,1167900
11/17/2017,42.310001,42.919998,41.779999,42.5,41.093433,1210700
11/20/2017,42.73,42.790001,41.764999,41.849998,40.464939,1139300
11/21/2017,41.919998,42.095001,41.240002,41.68,40.300564,1841300
11/22/2017,41.529999,41.645,40.200001,40.630001,39.285324,1917600
11/24/2017,40.790001,41.040001,40.419998,40.720001,39.372337,1517500
11/27/2017,40.540001,40.799999,39.779999,40.759998,39.411015,1572800
11/28/2017,40.700001,41.34,40.363998,41.23,39.865463,2548400
11/29/2017,41.169998,41.299999,40.369999,41.009998,39.749149,1725100
11/30/2017,40.860001,41.080002,40.369999,40.830002,39.574684,5214000
12/1/2017,40.68,41.619999,40.110001,40.57,39.322685,3146500
12/4/2017,40.82,41.139999,40.307999,41.049999,39.787926,3371900
12/5/2017,40.98,41.244999,40.709999,40.73,39.47776,1308300
12/6/2017,40.610001,41.09,39.900002,39.959999,38.731434,1643400
12/7/2017,39.900002,40.455002,39.849998,40.18,38.944672,1213800
12/8/2017,40.439999,41.395,40.310001,40.810001,39.555305,1641500
12/11/2017,40.990002,41.130001,40.43,40.799999,39.545612,1085500
12/12/2017,40.709999,41.060001,40.5,40.560001,39.312988,724900
12/13/2017,40.48,41.040001,40.459999,40.619999,39.371136,1976600
12/14/2017,40.689999,40.720001,40.259998,40.490002,39.245144,1285200
12/15/2017,40.419998,41.48,40.153,40.540001,39.293602,1575800
12/18/2017,41,41.360001,40.799999,41.200001,39.933311,1290800
12/19/2017,41.400002,42.389999,41.209999,42.009998,40.718407,1870600
12/20/2017,42.060001,42.18,40.830002,40.91,39.652229,1147400
12/21/2017,41.59,41.709999,40.93,41.09,39.826694,790000
12/22/2017,40.93,41.400002,40.650002,40.869999,39.613453,881300
12/26/2017,40.490002,40.490002,39.470001,39.549999,38.334038,990700
12/27/2017,39.700001,40.389999,39.400002,40.189999,38.954361,1127800
12/28/2017,40.32,40.98,40.25,40.68,39.429306,944800
12/29/2017,40.75,40.880001,39.769001,40.02,38.789585,1233400
1/2/2018,40.139999,40.91,39.950001,40.630001,39.380836,1373300
1/3/2018,41.540001,42.540001,41.310001,42.240002,40.941338,2435400
1/4/2018,42.5,43.09,42.365002,42.5,41.19334,2186300
1/5/2018,42.66,42.799999,42.299999,42.75,41.43565,1895900
1/8/2018,42.75,42.84,42.5,42.68,41.367809,1442800
1/9/2018,42.959999,43.549999,42.77,43.290001,41.959057,3306700
1/10/2018,43.470001,43.5,42.299999,42.68,41.367809,2376600
1/11/2018,42.799999,43.849998,42.68,43.799999,42.453373,4504200
1/12/2018,44.34,46.150002,44.34,45.860001,44.450039,4401400
1/16/2018,46.150002,47.82,45.799999,46.240002,44.818359,3074600
1/17/2018,46.240002,47.169998,45.25,45.540001,44.139881,2304000
1/18/2018,45.549999,45.900002,45.110001,45.139999,43.752174,1541100
1/19/2018,45.389999,46.009998,45.27,45.970001,44.55666,2989700
1/22/2018,46.470001,47.59,46.459999,47.580002,46.117157,3044100
1/23/2018,47.610001,48.049999,47.32,47.939999,46.466095,2009300
1/24/2018,48.32,48.75,47.139999,47.41,45.952381,2376800
1/25/2018,46.599998,47.790001,46.369999,47.5,46.039627,1507100
1/26/2018,47.810001,48.209999,47.349998,48.18,46.698711,1551900
1/29/2018,47.91,48.099998,47,47.040001,45.593769,2119000
1/30/2018,46.900002,46.98,45.939999,46.790001,45.351448,1511200
1/31/2018,47.150002,47.345001,46.32,46.389999,44.963745,1597900
2/1/2018,46.34,46.790001,45.610001,46.75,45.312675,1573600
2/2/2018,46.73,46.73,45.509998,45.549999,44.149563,1344000
2/5/2018,45.369999,45.860001,44.32,44.32,42.95739,1599000
2/6/2018,43.5,44.200001,42.5,43.889999,42.540611,2910800
2/7/2018,43.959999,45.299999,42.779999,44.299999,42.938,2588700
2/8/2018,41.900002,44.064999,40.970001,41,39.739456,6913400
2/9/2018,41.279999,41.650002,39.380001,40.290001,39.051296,4345700
2/12/2018,40.790001,41.119999,39.720001,39.799999,38.576355,3541900
2/13/2018,39.860001,40.709999,39.779999,40.07,38.838055,2178000
2/14/2018,39.919998,40.509998,39.669998,40.389999,39.148205,3126200
2/15/2018,40.630001,40.869999,39.75,40.290001,39.051296,2315100
2/16/2018,40.310001,40.93,40.169998,40.439999,39.196671,1840500
2/20/2018,40.18,41.02,40.18,40.389999,39.148205,1658200
2/21/2018,40.380001,42.029999,40.380001,41.330002,40.059311,2441100
2/22/2018,41.349998,41.939999,41.220001,41.799999,40.514866,3604000
2/23/2018,42.189999,43.77,42.189999,43.75,42.404915,3136900
2/26/2018,44.130001,44.610001,43.509998,43.950001,42.598763,2170600
2/27/2018,43.84,44.23,43.130001,43.470001,42.229614,2689400
2/28/2018,43.639999,44.02,43.32,43.32,42.083885,2254000
3/1/2018,43.200001,43.610001,41.939999,42.02,40.82098,1784000
3/2/2018,41.450001,42.529999,40.84,42.470001,41.258144,1383800
3/5/2018,42.240002,42.68,41.759998,42.209999,41.005554,2813600
3/6/2018,42.529999,43.02,42.360001,42.779999,41.559292,1200400
3/7/2018,42.419998,42.419998,41.41,41.900002,40.704399,1707500
3/8/2018,42.110001,42.16,40.959999,41.43,40.247818,3193000
3/9/2018,41.68,41.869999,41.294998,41.43,40.247818,2810500
3/12/2018,41.439999,42.189999,41.25,41.990002,40.79184,1755700
3/13/2018,42.220001,42.529999,41.259998,41.259998,40.082672,1865300
3/14/2018,41.610001,41.849998,40.970001,41.619999,40.432388,1788700
3/15/2018,41.849998,41.950001,41.154999,41.279999,40.102097,1323500
3/16/2018,41.369999,41.66,41.200001,41.529999,40.344963,2390200
3/19/2018,41.400002,41.459999,40.459999,40.689999,39.528931,1877800
3/20/2018,40.82,41.41,40.790001,41.169998,39.995232,2884400
3/21/2018,41.279999,42.349998,41.134998,41.549999,40.364388,3148900
3/22/2018,40.91,41.130001,39.93,40,38.858616,2622000
3/23/2018,40.240002,40.5,39.75,40.099998,38.955765,2892100
3/26/2018,40.830002,41.310001,40.529999,41.279999,40.102097,2382400
3/27/2018,41.209999,41.32,40.57,40.759998,39.596935,2722400
3/28/2018,40.759998,41.119999,40.439999,40.720001,39.558075,3934500
3/29/2018,40.900002,41.860001,40.799999,41.5,40.315819,2109300
4/2/2018,41.299999,41.360001,39.265999,39.630001,38.49918,1754700
4/3/2018,40.139999,40.630001,39.130001,39.560001,38.431179,2563800
4/4/2018,38.720001,39.950001,38,39.869999,38.732327,3906400
4/5/2018,40,40.360001,39.779999,40,38.858616,1535900
4/6/2018,39.759998,40.02,38.445,38.549999,37.449993,4377700
4/9/2018,39.169998,39.810001,38.810001,39.23,38.110596,2272500
4/10/2018,40.360001,41.200001,40.150002,40.919998,39.752369,3960500
4/11/2018,40.869999,41.599998,40.529999,41.23,40.05352,2583600
4/12/2018,41.41,41.73,40.779999,41.049999,39.878658,1536400
4/13/2018,41.209999,41.25,40.169998,40.27,39.120911,1258800
4/16/2018,40.529999,40.59,39.935001,40.09,38.946053,1508700
4/17/2018,40.150002,40.799999,40,40.73,39.567791,1871500
4/18/2018,40.759998,40.990002,40,40.34,39.188919,1517700
4/19/2018,40.27,40.91,40.209999,40.68,39.519222,1288300
4/20/2018,40.360001,40.889999,40.310001,40.73,39.567791,1850100
4/23/2018,40.669998,40.709999,39.439999,39.75,38.615749,2263000
4/24/2018,40.25,40.669998,39.330002,39.880001,38.742043,1987100
4/25/2018,39.869999,40.099998,39.41,39.459999,38.33403,1858300
4/26/2018,39.93,41.740002,39.860001,41.419998,40.238102,2562300
4/27/2018,41.380001,42.139999,41.240002,42.049999,40.850124,2550300
4/30/2018,42.389999,43.189999,42.279999,42.759998,41.539867,4710000
5/1/2018,42.330002,42.630001,41.34,42.470001,41.258144,2417900
5/2/2018,37.66,38.290001,35.880001,37,35.944229,12614000
5/3/2018,36.91,38.240002,36.525002,36.91,35.856789,6353400
5/4/2018,36.759998,38.689999,36.610001,38.189999,37.100269,4210600
5/7/2018,38.099998,38.290001,37.630001,37.889999,36.808826,2150500
5/8/2018,38.150002,38.349998,37.41,37.630001,36.556255,1602300
5/9/2018,37.68,38,37.259998,37.669998,36.595104,2918600
5/10/2018,37.869999,38.32,37.700001,37.98,36.896259,5230500
5/11/2018,37.98,38.130001,37.314999,37.43,36.361958,1902900
5/14/2018,37.57,37.619999,37.080002,37.380001,36.313374,1730400
5/15/2018,37.189999,37.189999,36.740002,37.060001,36.002514,2108200
5/16/2018,37.16,37.610001,36.630001,37.580002,36.507675,1864600
5/17/2018,37.380001,37.790001,37.32,37.580002,36.507675,2220000
5/18/2018,37.599998,38.290001,37.169998,38.150002,37.061409,2737100
5/21/2018,38.290001,38.965,38.280998,38.900002,37.790009,3086400
5/22/2018,38.959999,38.959999,38.380001,38.5,37.401421,2249500
5/23/2018,38.459999,38.66,38.200001,38.560001,37.459705,1633700
5/24/2018,38.689999,39.23,38.59,38.779999,37.673435,1791500
5/25/2018,38.75,39.119999,38.669998,38.77,37.663719,1335700
5/29/2018,38.299999,39.040001,38.150002,38.5,37.498142,2171600
5/30/2018,38.75,39.639999,38.619999,39.41,38.384457,2044700
5/31/2018,39.220001,39.91,38.924999,39.299999,38.277325,7363400
6/1/2018,39.59,39.91,39.27,39.34,38.316284,2609100
6/4/2018,38.889999,39.619999,38.650002,39.490002,38.462383,2098600
6/5/2018,39.790001,40.599998,39.48,40.299999,39.251305,1686500
6/6/2018,40.689999,41.299999,40.689999,41.220001,40.147366,1869000
6/7/2018,41.290001,41.369999,40.939999,41.16,40.088921,1382000
6/8/2018,41.41,41.779999,40.889999,41.700001,40.614876,3164600
6/11/2018,41.650002,41.830002,41.220001,41.73,40.644089,2101400
6/12/2018,41.740002,42.41,41.689999,42.040001,40.946018,3477400
6/13/2018,42.209999,42.330002,41.299999,41.310001,40.235016,2085400
6/14/2018,41.25,41.360001,40.84,41.009998,39.942822,1952700
6/15/2018,40.66,40.77,39.860001,40.720001,39.66037,2837800
6/18/2018,40.52,40.775002,39.845001,40.740002,39.679855,1446900
6/19/2018,40.009998,40.41,39.41,40.290001,39.241566,3740500
6/20/2018,40.509998,40.869999,40.009998,40.07,39.027287,1685900
6/21/2018,40.200001,40.500999,39.889999,40.18,39.134418,1640700
6/22/2018,40.419998,40.709999,40.080002,40.459999,39.407143,4352500
6/25/2018,40.02,40.044998,38.810001,39.18,38.160442,3039600
6/26/2018,39.290001,40.110001,38.93,39.759998,38.725357,2487200
6/27/2018,39.77,39.91,37.349998,37.57,36.592339,4432400
6/28/2018,37.200001,38.915001,37.18,38.700001,37.692932,4138500
6/29/2018,38.900002,39.029999,38.395,38.459999,37.459183,1639900
7/2/2018,37.950001,38.09,37.349998,37.990002,37.001415,2068700
7/3/2018,38.43,38.715,37.110001,37.139999,36.173527,1195300
7/5/2018,37.189999,37.189999,35.990002,36.43,35.482006,2954800
7/6/2018,36.220001,37.525002,36.110001,37.34,36.368324,2385300
7/9/2018,37.400002,37.48,36.759998,37.349998,36.378063,3063100
7/10/2018,37.279999,37.419998,36.669998,36.740002,35.783943,3468800
7/11/2018,36.23,36.790001,35.849998,36.299999,35.355396,4112100
7/12/2018,36.630001,36.93,36.43,36.57,35.618359,3438800
7/13/2018,36.169998,37.099998,36.099998,36.619999,35.667068,3003600
7/16/2018,36.509998,36.580002,36.240002,36.5,35.550182,2303300
7/17/2018,36.209999,36.810001,36.189999,36.650002,35.696285,1712800
7/18/2018,36.709999,36.98,36.32,36.810001,35.852123,1970800
7/19/2018,36.5,36.669998,35.950001,36,35.063206,2781500
7/20/2018,34.700001,34.790001,33.580002,33.709999,32.832787,5474100
7/23/2018,33.700001,34.580002,33.68,34.209999,33.319778,4915400
7/24/2018,34.459999,34.549999,33.325001,33.5,32.62825,4030000
7/25/2018,33.59,33.59,32.279999,32.299999,31.459478,9318000
7/26/2018,32.240002,41.459999,32.099998,35.790001,34.858658,20165700
7/27/2018,38.580002,38.599998,36.369999,37.209999,36.241711,10248600
7/30/2018,37.07,37.07,35.709999,36.049999,35.111897,3439600
7/31/2018,35.880001,36.689999,35.591,36.080002,35.141125,1951500
8/1/2018,35.869999,36.25,35.5,35.639999,34.712566,2939600
8/2/2018,34.110001,36.599998,33.799999,35.299999,34.381409,4720000
8/3/2018,35.25,35.595001,34.799999,35.099998,34.186615,2983500
8/6/2018,35.009998,35.119999,34.389999,34.43,33.534054,2227500
8/7/2018,34.869999,35.27,34.490002,34.700001,33.797024,2068400
8/8/2018,34.970001,35,34.110001,34.700001,33.797024,2692700
8/9/2018,34.889999,35.200001,34.380001,34.73,33.826244,1738400
8/10/2018,34.299999,34.549999,33.93,34.439999,33.543793,1755600
8/13/2018,34.299999,34.380001,33.755001,34.220001,33.329517,2286500
8/14/2018,36.43,36.77,35.459999,35.580002,34.654129,4434100
8/15/2018,35.119999,35.330002,34.77,35.02,34.1087,2563500
8/16/2018,35.43,35.639999,35.150002,35.330002,34.410629,1912700
8/17/2018,34.290001,35.27,34,34.860001,33.952862,2570100
8/20/2018,34.82,35.349998,34.790001,35.07,34.157398,1486200
8/21/2018,35.220001,35.814999,35.215,35.529999,34.605423,3766000
8/22/2018,35.779999,36.48,35.514999,35.560001,34.634644,1684200
8/23/2018,35.360001,35.529999,34.959999,35.009998,34.098965,1922800
8/24/2018,35.150002,35.459999,34.970001,35.330002,34.410629,2083800
8/27/2018,35.459999,35.959999,35.25,35.889999,34.956059,1169100
8/28/2018,36.02,40.189999,35.599998,37.169998,36.303902,9463200
8/29/2018,38.119999,39.599998,37.66,39.23,38.315907,6841200
8/30/2018,38.740002,39.290001,38.174999,38.470001,37.573612,5352800
8/31/2018,38.490002,38.880001,38.064999,38.68,37.778717,3505300
9/4/2018,38.439999,38.751999,37.830002,38.509998,37.612679,1876200
9/5/2018,38.119999,38.5,37.84,38.09,37.202469,2097700
9/6/2018,38,38.215,37.84,38.02,37.134102,1722200
9/7/2018,38,38.330002,37.860001,38.040001,37.153633,1272900
9/10/2018,38.049999,38.049999,36.700001,36.860001,36.001129,3485600
9/11/2018,31.98,32.470001,30.1,31.940001,31.195768,16030100
9/12/2018,32.119999,32.823002,31.93,32.470001,31.713415,6028300
9/13/2018,33.099998,33.450001,32.880001,33.150002,32.377567,3504300
9/14/2018,33.279999,33.77,33.18,33.18,32.406876,2315900
9/17/2018,33.189999,33.669998,32.93,33.310001,32.533848,2310800
9/18/2018,33.310001,33.900002,33.310001,33.669998,32.885456,3156800
9/19/2018,33.59,35.16,33.59,34.810001,33.998898,2840300
9/20/2018,35.02,35.369999,34.950001,35.119999,34.301674,1824000
9/21/2018,35.290001,35.57,35.189999,35.259998,34.438404,3154400
9/24/2018,34.830002,34.830002,34.189999,34.709999,33.90123,2425600
9/25/2018,34.810001,35.380001,34.759998,34.860001,34.047726,2877400
9/26/2018,34.900002,35.299999,34.75,35.07,34.252838,1477500
9/27/2018,35.09,35.150002,34.705002,34.939999,34.125866,1430300
9/28/2018,34.919998,35.450001,34.919998,35.110001,34.291901,1451700
10/1/2018,35.220001,35.259998,34.369999,34.5,33.696125,1522000
10/2/2018,34.110001,34.395,33.599998,34,33.207771,2662900
10/3/2018,34.169998,34.48,33.805,33.91,33.119865,2015200
10/4/2018,33.630001,34.73,33.27,33.91,33.119865,1381500
10/5/2018,34.02,34.189999,33.035999,33.27,32.494778,1820400
10/8/2018,32.779999,33.439999,32.52,33.299999,32.524078,2235700
10/9/2018,33.18,33.990002,33.119999,33.470001,32.690125,1438400
10/10/2018,33.349998,33.470001,32.16,32.18,31.430174,2730400
10/11/2018,31.889999,32.799999,31.76,32.049999,31.303204,3664200
10/12/2018,32.48,33.220001,32.369999,32.900002,32.133396,2172700
10/15/2018,32.779999,32.779999,32.200001,32.25,31.498547,1505400
10/16/2018,32.25,32.865002,32.150002,32.849998,32.084564,2220900
10/17/2018,32.549999,32.75,32.099998,32.610001,31.850153,3300400
10/18/2018,32.459999,32.98,32.130001,32.849998,32.084564,3164500
10/19/2018,33.009998,33.349998,31.799999,31.85,31.107862,1902100
10/22/2018,32.369999,32.959999,32.310001,32.380001,31.625513,1299300
10/23/2018,31.709999,32.16,31.309999,32.009998,31.264135,1583600
10/24/2018,31.700001,31.955,31.23,31.32,30.590216,1971200
10/25/2018,31.32,32.009998,31.215,31.32,30.590216,2290500
10/26/2018,31.129999,32.099998,30.82,31.73,30.990658,1885000
10/29/2018,32.029999,32.209999,30.6,31.200001,30.473013,2900900
10/30/2018,31.360001,31.794001,30.950001,31.690001,30.951593,2672100
10/31/2018,34.18,36.830002,33.900002,36.080002,35.239311,5912700
11/1/2018,36.07,36.07,34.880001,35.84,35.00489,3209400
11/2/2018,36,36.665001,35.48,36.009998,35.170929,3449600
11/5/2018,36.09,36.360001,35.509998,36.040001,35.200237,3065500
11/6/2018,35.900002,37.689999,35.889999,37.299999,36.430874,3614800
11/7/2018,37,37.849998,36.43,37.060001,36.196472,3271800
11/8/2018,36.889999,37.73,36.689999,37.279999,36.411339,1603000
11/9/2018,36.75,37.23,36.360001,36.5,35.649513,3272200
11/12/2018,36.439999,36.689999,35.98,36.360001,35.512783,2183900
11/13/2018,36.84,36.900002,35.400002,35.580002,34.750954,2502000
11/14/2018,35.869999,36.52,35.605,35.779999,34.946289,1637300
11/15/2018,35.759998,35.950001,35.280998,35.799999,34.965824,1386200
11/16/2018,35.459999,35.720001,35,35.169998,34.350502,1834700
11/19/2018,34.810001,35.279999,34.77,35.02,34.204002,2466000
11/20/2018,34.66,34.880001,34.18,34.610001,33.803551,2147600
11/21/2018,35,35.25,34.805,34.849998,34.037964,1097900
11/23/2018,34.540001,35.16,34.349998,35.02,34.204002,626300
11/26/2018,35.119999,35.740002,34.93,35.07,34.370605,1139300
11/27/2018,34.84,35.84,34.84,35.349998,34.645023,2614500
11/28/2018,35.189999,36.709999,35.189999,36.52,35.791698,3257500
11/29/2018,36.27,36.799999,35.080002,35.779999,35.066448,2643800
11/30/2018,35.779999,36.110001,35.349998,35.830002,35.115456,2832200
12/3/2018,37.16,37.23,36.07,36.529999,35.801495,1688800
12/4/2018,36.439999,36.810001,35.400002,35.619999,34.909641,1597000
12/6/2018,34.900002,35.584999,34.549999,35.43,34.723434,1594300
12/7/2018,35.310001,35.66,34.91,34.98,34.28241,1521000
12/10/2018,34.810001,35.130001,34.41,34.959999,34.262806,1256700
12/11/2018,35.16,35.669998,34.75,34.759998,34.066799,1769400
12/12/2018,34.880001,36.689999,34.66,36.169998,35.448673,1999600
12/13/2018,36.349998,36.939999,36.130001,36.459999,35.732891,1582100
12/14/2018,36.009998,36.509998,35.48,35.639999,34.929241,871700
12/17/2018,35.41,35.779999,34.75,35,34.30201,1361800
12/18/2018,35.330002,35.41,34.810001,34.84,34.145199,1239800
12/19/2018,35,35.459999,33.709999,33.970001,33.292549,1312300
12/20/2018,33.860001,34.150002,32.790001,33.060001,32.4007,1710500
12/21/2018,32.959999,33.490002,32.23,32.259998,31.616648,2094800
12/24/2018,32.310001,32.84,31.940001,32.27,31.626455,825000
12/26/2018,32.169998,32.990002,31.35,32.959999,32.302689,1303000
12/27/2018,32.57,33.389999,32.310001,33.389999,32.724117,994100
12/28/2018,33.41,33.794998,32.848,33.43,32.763321,1199900
12/31/2018,33.560001,33.860001,33.169998,33.529999,32.86132,795700
1/2/2019,33.23,34.48,33.189999,34.220001,33.53756,1265600
1/3/2019,34,34,32.84,32.880001,32.224281,1246500
1/4/2019,33.43,34,33.360001,33.810001,33.135738,1646500
1/7/2019,34.099998,34.540001,33.580002,34.200001,33.51796,1820300
1/8/2019,34.48,34.5,33.299999,33.580002,32.910328,1997500
1/9/2019,33.509998,34.654999,33.330002,34.580002,33.890385,2176000
1/10/2019,34.490002,34.830002,34.060001,34.459999,33.77277,1570300
1/11/2019,34.32,35,34.099998,34.900002,34.204002,1197400
1/14/2019,34.459999,34.709999,33.75,34.09,33.410152,1296400
1/15/2019,34.119999,35.279999,34.119999,34.669998,33.978588,1559600
1/16/2019,34.73,35.349998,34.509998,34.939999,34.24321,1253200
1/17/2019,34.799999,35.740002,34.59,35.43,34.723434,2365300
1/18/2019,35.75,36.639999,35.459999,36.16,35.438869,1852200
1/22/2019,35.82,35.849998,34.560001,35.02,34.321609,2393800
1/23/2019,35,35.119999,33.82,34.240002,33.557163,1851600
1/24/2019,34.259998,35.310001,34.259998,35.290001,34.586227,1848800
1/25/2019,35.5,36.279999,35.07,35.41,34.703831,1451400
1/28/2019,35.119999,35.970001,34.893002,35.610001,34.899841,2267600
1/29/2019,35.700001,36.25,35.419998,35.990002,35.272263,1765100
1/30/2019,36.169998,36.75,35.279999,35.889999,35.174255,1783500
1/31/2019,36.060001,36.549,35.700001,36.450001,35.723087,2552500
2/1/2019,37.650002,40.57,37.630001,39.349998,38.56525,4764600
2/4/2019,39.709999,40.299999,38.93,39.25,38.467251,2302800
2/5/2019,39.130001,40.610001,38.689999,40.52,39.711929,2808000
2/6/2019,40.5,41.485001,40.459999,41.110001,40.290157,2516800
2/7/2019,41,41.740002,40.790001,41.66,40.829193,1752100
2/8/2019,41.32,41.5,40.080002,40.450001,39.643322,3318100
2/11/2019,40.389999,41.400002,40.389999,41.130001,40.309761,2709500
2/12/2019,41.02,41.599998,41.02,41.32,40.495972,2722100
2/13/2019,41.43,41.639999,41.014999,41.290001,40.466568,2460400
2/14/2019,41.040001,41.349998,40.470001,40.970001,40.15295,3184400
2/15/2019,41,41.07,40.485001,40.689999,39.878532,3217800
2/19/2019,40.790001,41.439999,40.540001,41.189999,40.368565,2160700
2/20/2019,41.240002,42.240002,41.240002,41.880001,41.044804,3659500
2/21/2019,41.619999,41.900002,41.389999,41.740002,40.907597,1935300
2/22/2019,41.790001,42.07,41.369999,41.52,40.691982,2681000
2/25/2019,41.73,42.044998,41.099998,41.650002,40.819393,1720600
2/26/2019,41.689999,42.240002,41.57,42.060001,41.22121,2311200
2/27/2019,41.950001,42.189999,41.470001,41.540001,40.828072,2353400
2/28/2019,41.080002,41.900002,41.009998,41.720001,41.004982,3078500
3/1/2019,42.080002,42.080002,41.389999,41.400002,40.690472,1546400
3/4/2019,41.75,41.799999,40.584999,40.93,40.228523,1924200
3/5/2019,41,42,40.720001,41.599998,40.887043,2962900
3/6/2019,41.740002,42.529999,41.439999,41.630001,40.916531,3186100
3/7/2019,41.5,41.59,40.759998,40.880001,40.179382,1958400
3/8/2019,40.759998,40.799999,39.970001,40.299999,39.609318,2093200
3/11/2019,40.32,41.040001,40.279999,40.759998,40.061436,2105100
3/12/2019,41.02,41.84,41,41.139999,40.434925,2358700
3/13/2019,40.59,41.279999,40.59,41,40.297321,3280400
3/14/2019,41.150002,41.259998,40.759998,41.139999,40.434925,3834400
3/15/2019,41.439999,42.799999,41.32,42.700001,41.968189,7581100
3/18/2019,43.09,43.950001,42.060001,43.5,42.754478,6545300
3/19/2019,43.68,44.061001,43.450001,43.5,42.754478,2911100
3/20/2019,43.259998,43.57,42.549999,43.189999,42.449787,2187300
3/21/2019,43.169998,43.764999,42.919998,43.23,42.489101,1492400
3/22/2019,42.900002,43.650002,42.84,43.439999,42.695503,3786700
3/25/2019,43.279999,43.43,42.830002,43.310001,42.567734,1918600
3/26/2019,43.299999,43.830002,43.029999,43.34,42.597214,1956000
3/27/2019,43.450001,44.419998,43.34,44.18,43.422821,2504400
3/28/2019,44.209999,44.43,43.080002,43.75,43.000191,2462300
3/29/2019,44,44.939999,43.955002,44.91,44.140308,2577000
4/1/2019,45.07,45.880001,44.810001,45.599998,44.818481,2930300
4/2/2019,45.599998,45.619999,45.23,45.419998,44.641563,1594100
4/3/2019,45.689999,46.189999,45.049999,45.32,44.543278,2191400
4/4/2019,45.389999,45.389999,44.299999,44.529999,43.766819,2080100
4/5/2019,44.73,44.91,44.389999,44.66,43.894592,1802500
4/8/2019,44.5,44.5,44.110001,44.150002,43.393341,1600400
4/9/2019,43.919998,44.23,43.525002,43.68,42.931393,2067400
4/10/2019,43.84,44.009998,42.529999,43.599998,42.852764,2991300
4/11/2019,44.02,44.130001,43.395,43.68,42.931393,4872500
4/12/2019,44.009998,44.889999,43.990002,44.5,43.737339,3137600
4/15/2019,44.34,44.400002,43.740002,43.75,43.000191,1804400
4/16/2019,43.880001,44.380001,43.720001,44.259998,43.501453,1903300
4/17/2019,45.48,45.619999,44.110001,44.34,43.580086,1680100
4/18/2019,44.610001,45.369999,44.400002,45.240002,44.464661,1684700
4/22/2019,45.07,45.16,44.193001,44.41,43.64888,1193100
4/23/2019,44.310001,44.52,44,44.32,43.560425,2763000
4/24/2019,44.259998,44.674999,43.900002,44.02,43.265568,2707300
4/25/2019,44.369999,44.799999,43.900002,44.68,43.914249,1562200
4/26/2019,44.66,45.16,44.529999,45.029999,44.258255,1820100
4/29/2019,45,45.110001,44.360001,44.75,43.983051,3414400
4/30/2019,45.66,47.919998,45.099998,47.540001,46.725239,9720500
5/1/2019,47.470001,47.849998,45.259998,45.509998,44.730026,4321100
5/2/2019,45.52,48.259998,45.459999,47.139999,46.332096,3618900
5/3/2019,47.299999,48.27,47.189999,47.360001,46.548325,2298300
5/6/2019,45.66,46.610001,45.66,46.5,45.70306,2077100
5/7/2019,46.169998,46.669998,45.939999,46.209999,45.41803,2307700
5/8/2019,46.209999,46.415001,45.625,45.959999,45.172314,2095200
5/9/2019,45.59,45.59,44.439999,44.709999,43.943741,2842200
5/10/2019,44.57,45,44.310001,44.849998,44.081337,4094800
5/13/2019,43.98,44,42.349998,42.650002,41.919044,4200400
5/14/2019,42.790001,42.855,42.025002,42.5,41.771614,3018500
5/15/2019,42.509998,42.720001,42.369999,42.389999,41.663498,3048900
5/16/2019,42.439999,43.400002,42.43,42.700001,41.968189,2692200
5/17/2019,41.57,41.610001,40.939999,41.43,40.719955,3583100
5/20/2019,41.130001,41.525002,40.560001,40.689999,39.992641,2693400
5/21/2019,40.950001,41.279999,40.529999,41.279999,40.572525,2658200
5/22/2019,41.02,41.380001,39.869999,39.990002,39.304638,3314700
5/23/2019,39.48,40.049999,39.189999,39.43,38.75423,3315400
5/24/2019,39.860001,39.860001,38.380001,38.490002,37.94582,3426400
5/28/2019,38.599998,39.509998,38.560001,38.700001,38.152851,6577500
5/29/2019,38.5,39.029999,38.470001,38.77,38.221863,4051700
5/30/2019,38.93,39.360001,38.830002,39.299999,38.744373,2982800
5/31/2019,39.099998,40.424999,39.049999,40.009998,39.444332,3458500
6/3/2019,39.93,40.84,39.685001,40.75,40.17387,3464100
6/4/2019,41.009998,41.240002,40.310001,40.709999,40.134434,2539800
6/5/2019,41.02,41.52,41.009998,41.349998,40.765385,2759700
6/6/2019,41.25,41.470001,40.130001,40.290001,39.720375,3577800
6/7/2019,40.509998,41.07,40.25,40.869999,40.292171,4368200
6/10/2019,41.18,42.200001,41.110001,41.380001,40.794964,3568900
6/11/2019,42,42.77,41.080002,41.18,40.59779,2958800
6/12/2019,41.099998,41.619999,40.639999,41.189999,40.607647,2342500
6/13/2019,41.349998,41.91,41.025002,41.16,40.578079,2129900
6/14/2019,41.029999,41.580002,41,41.16,40.578079,1245500
6/17/2019,41.080002,41.240002,40.779999,40.970001,40.390762,1099900
6/18/2019,41.25,42.669998,41.220001,42.560001,41.958282,2398500
6/19/2019,42.779999,44.869999,42.779999,44.849998,44.215904,5905200
6/20/2019,45.139999,46.34,45.139999,46.23,45.576389,3673700
6/21/2019,46.27,46.599998,45.849998,46.07,45.418659,3727800
6/24/2019,46.25,46.25,45.68,45.939999,45.290493,1731700
6/25/2019,45.790001,46.099998,45.599998,45.98,45.329933,2036200
6/26/2019,46.299999,46.580002,45.849998,46.330002,45.674984,2379400
6/27/2019,46.240002,46.41,45.529999,46.080002,45.428516,2877700
6/28/2019,46.119999,46.32,45.740002,46.200001,45.546814,7216900
7/1/2019,47.029999,47.82,45.77,46.080002,45.428516,3097200
7/2/2019,46.09,46.205002,43.900002,44.48,43.851135,3058200
7/3/2019,44.540001,44.630001,43.709999,44.450001,43.82156,1672600
7/5/2019,44.419998,44.84,44.025002,44.389999,43.762409,1637700
7/8/2019,44.25,44.41,43.009998,43.119999,42.510361,2381100
7/9/2019,43.209999,43.560001,42.869999,43.299999,42.68782,2680900
7/10/2019,43.580002,44.439999,43.560001,44.200001,43.575092,2842300
7/11/2019,44.299999,44.650002,44.119999,44.43,43.801846,1771800
7/12/2019,44.400002,44.549999,43.384998,43.700001,43.082165,2206300
7/15/2019,43.950001,44.73,43.93,44.18,43.555374,1785300
7/16/2019,44,44.715,44,44.400002,43.772266,1337700
7/17/2019,44.400002,44.880001,44.139999,44.360001,43.732838,1644700
7/18/2019,44.450001,44.792,44.25,44.419998,43.791985,1910500
7/19/2019,44.759998,44.950001,44.34,44.34,43.713116,1612500
7/22/2019,44.57,44.610001,43.275002,43.509998,42.894848,1846700
7/23/2019,43.529999,43.716,43.18,43.630001,43.013153,1042800
7/24/2019,43.669998,44.43,43.459999,44.400002,43.772266,1747100
7/25/2019,44.52,44.970001,44.200001,44.830002,44.19619,2467300
7/26/2019,45.16,45.555,45.119999,45.310001,44.669399,1765100
7/29/2019,45.130001,45.5,44.860001,45.43,44.787701,1975300
7/30/2019,44.959999,45.299999,43.549999,44,43.377922,3350100
7/31/2019,45.299999,46.59,44.529999,45.5,44.856712,4690300
8/1/2019,45.84,46.459999,44.450001,44.700001,44.068024,2483900
8/2/2019,44.619999,45.5,44.259998,45.169998,44.531376,1877300
8/5/2019,43.529999,43.529999,42.290001,42.82,42.214603,3439700
8/6/2019,43.470001,44.810001,43.285,44.66,44.028595,3046100
8/7/2019,44.029999,44.23,43.349998,44.040001,43.417358,2031400
8/8/2019,44.290001,45.049999,43.900002,44.849998,44.215904,2505300
8/9/2019,44.709999,44.91,43.43,43.82,43.200466,1877500
8/12/2019,43.619999,43.720001,42.73,43.029999,42.421635,1238100
8/13/2019,43.169998,44.07,42.560001,43.07,42.461075,2347000
8/14/2019,42.240002,42.689999,41.580002,41.82,41.228745,1982900
8/15/2019,42.209999,43.029999,42.130001,42.599998,41.997715,1862400
8/16/2019,42.860001,44.25,42.849998,44.110001,43.486366,2125100
8/19/2019,44.75,45.669998,44.75,45.43,44.787701,2492000
8/20/2019,45.189999,45.790001,45.119999,45.669998,45.024311,1817200
8/21/2019,46,46.389999,45.080002,45.220001,44.580673,1425500
8/22/2019,45.16,45.700001,44.040001,44.110001,43.486366,2298400
8/23/2019,44.099998,44.099998,42.41,42.57,41.96814,2387600
8/26/2019,42.939999,43.240002,42.200001,42.32,41.839615,1146000
8/27/2019,42.790001,43.32,42.529999,43.18,42.689854,2617400
8/28/2019,43.060001,44.195,42.830002,44.18,43.678505,1672000
8/29/2019,44.639999,45.5,44.459999,45.330002,44.815449,1461500
8/30/2019,45.470001,46.080002,45.02,45.43,44.914314,1373200
9/3/2019,44.869999,45.18,43.165001,43.639999,43.14463,1733700
9/4/2019,44.029999,44.419998,43.82,44.32,43.816914,1427700
9/5/2019,45.099998,46.169998,44.849998,46.110001,45.586597,1598000
9/6/2019,46.200001,46.43,45.740002,45.799999,45.280113,1226200
9/9/2019,45.75,46.110001,45.240002,45.669998,45.151588,1210900
9/10/2019,45.599998,46.009998,44.869999,45.950001,45.428413,2252000
9/11/2019,45.650002,46.360001,44.93,46.34,45.813984,1523100
9/12/2019,46.619999,48.290001,46.619999,47.91,47.366161,1734900
9/13/2019,47.759998,48.360001,46.450001,46.599998,46.071026,1311300
9/16/2019,46.369999,46.775002,45.990002,46.529999,46.001827,790900
9/17/2019,46.639999,46.889999,46.130001,46.5,45.972168,785300
9/18/2019,46.720001,46.720001,45.380001,45.669998,45.151588,1123300
9/19/2019,45.68,46.009998,45.34,45.740002,45.220795,1015100
9/20/2019,45.759998,46.200001,44.529999,44.66,44.153057,1598100
9/23/2019,44.720001,45.91,44.541,45.580002,45.062614,1523800
9/24/2019,45.889999,46.060001,44.220001,45.02,44.508968,1507400
9/25/2019,45.060001,45.48,44.349998,45.400002,44.884655,1254700
9/26/2019,45.490002,46.110001,45.41,45.779999,45.260338,1310000
9/27/2019,45.849998,46.330002,43.939999,44.950001,44.439762,2561000
9/30/2019,45.09,45.669998,44.959999,45.43,44.914314,1629100
10/1/2019,45.41,45.860001,43.900002,44.169998,43.668613,1233400
10/2/2019,43.900002,44.060001,43.150002,43.349998,42.857922,1281800
10/3/2019,43.290001,44.02,43.25,43.939999,43.441227,1280300
10/4/2019,43.950001,44.389999,43.630001,43.82,43.32259,1053100
10/7/2019,43.66,43.860001,43.16,43.59,43.0952,1263900
10/8/2019,43.380001,43.610001,42.485001,42.509998,42.027454,1179500
10/9/2019,42.919998,43.125,42.390999,42.75,42.264732,1362500
10/10/2019,42.639999,43.599998,42.25,43.009998,42.521782,1523900
10/11/2019,43.91,45,43.610001,44.490002,43.984982,1149500
10/14/2019,44.23,44.330002,43.09,43.200001,42.709625,1295800
10/15/2019,43.349998,44.98,43.200001,44.299999,43.797138,1779500
10/16/2019,44.150002,44.549999,43.759998,43.830002,43.332474,1668500
10/17/2019,43.990002,44.630001,43.919998,44.07,43.569752,880800
10/18/2019,44.02,44.369999,43.48,43.82,43.32259,751000
10/21/2019,44.099998,44.470001,43.830002,44.029999,43.530205,1078600
10/22/2019,44.080002,44.18,43.299999,43.389999,42.897469,953100
10/23/2019,43.18,43.375,42.650002,42.759998,42.27462,1646200
10/24/2019,43.009998,43.73,42.715,43.139999,42.650307,1369900
10/25/2019,43.049999,44.115002,42.880001,43.57,43.075424,1327400
10/28/2019,44.450001,44.900002,43.369999,43.509998,43.016106,1841200
10/29/2019,43.389999,44.380001,43.200001,44.209999,43.708157,2300500
10/30/2019,43.009998,44.790001,42.610001,44.02,43.520317,4404800
10/31/2019,43.639999,43.75,41.400002,42.5,42.017574,3461200
11/1/2019,42.82,42.919998,41.23,41.439999,40.969608,3773000
11/4/2019,41.939999,42.360001,41.799999,42.060001,41.582569,3186200
11/5/2019,42.25,42.82,41.810001,42.740002,42.254852,3005900
11/6/2019,42.82,43,42.009998,42.639999,42.155987,2839400
11/7/2019,43.119999,43.77,42.98,43.52,43.02599,3306300
11/8/2019,43.709999,43.900002,43.220001,43.849998,43.352242,2482800
11/11/2019,43.380001,43.700001,43.029999,43.630001,43.134747,1243100
11/12/2019,43.630001,43.849998,42.669998,42.810001,42.324055,2609700
11/13/2019,42.5,42.73,42.408001,42.66,42.175755,1322300
11/14/2019,42.5,42.68,41.970001,42.439999,41.958252,2964300
11/15/2019,42.650002,43.48,42.48,42.790001,42.304276,1747400
11/18/2019,42.91,42.990002,42.299999,42.700001,42.215302,1571200
11/19/2019,42.810001,43.330002,42.5,43.27,42.778835,1868800
11/20/2019,43.009998,43.044998,41.860001,42.450001,41.968143,2033900
11/21/2019,42.27,42.435001,41.759998,42.139999,41.661659,1241500
11/22/2019,42.75,42.75,42.130001,42.279999,41.800068,1739900
11/25/2019,42.470001,43.73,42.404999,43.549999,43.1782,2654800
11/26/2019,43.759998,44.75,43.630001,44.490002,44.11018,4413000
11/27/2019,44.290001,44.380001,43.630001,44.099998,43.723503,1293800
11/29/2019,43.860001,44.560001,43.450001,44.52,44.139919,1332100
12/2/2019,44.669998,44.98,43.945,44.439999,44.0606,1796800
12/3/2019,44.009998,44.259998,43.799999,44.09,43.713593,2069200
12/4/2019,44.09,44.619999,44.09,44.200001,43.822655,1405600
12/5/2019,44.369999,44.84,44.075001,44.73,44.348129,2153400
12/6/2019,45,45.049999,44.540001,44.790001,44.407616,1583100
12/9/2019,44.709999,45.380001,44.494999,45.279999,44.893433,2339800
12/10/2019,45.25,45.490002,44.985001,45.16,44.774452,2866500
12/11/2019,45.349998,46,45.259998,45.970001,45.577538,1527500
12/12/2019,45.75,46.669998,45.450001,46.48,46.083187,2039700
12/13/2019,46.779999,47.419998,46.549999,47.279999,46.876354,1713900
12/16/2019,47.5,48.27,47.415001,47.939999,47.530724,1949600
12/17/2019,47.900002,48.07,47.509998,47.75,47.342342,2603600
12/18/2019,47.549999,47.73,47.130001,47.52,47.114307,2183400
12/19/2019,47.709999,47.990002,47.43,47.959999,47.550549,1565200
12/20/2019,48.360001,49,48.099998,48.66,48.244572,2503000
12/23/2019,48.689999,48.77,48.150002,48.32,47.907478,1173000
12/24/2019,48.240002,48.66,48.009998,48.380001,47.966965,349000
12/26/2019,48.639999,48.669998,48.290001,48.549999,48.135513,462900
12/27/2019,48.599998,48.790001,48.459999,48.66,48.244572,1198700
12/30/2019,48.73,48.73,48.049999,48.130001,47.719101,1790000
12/31/2019,48.060001,48.330002,47.814999,48.009998,47.600124,953100
1/2/2020,48.349998,49.145,48.349998,49.130001,48.710567,1968100
1/3/2020,48.400002,48.639999,48,48.419998,48.006622,1434200
1/6/2020,48.029999,48.110001,47.200001,47.869999,47.461319,1292400
1/7/2020,48.400002,48.400002,47.580002,47.93,47.520813,1154200
1/8/2020,48.119999,48.790001,47.82,48.540001,48.125599,1097600
1/9/2020,49.200001,49.380001,48.48,48.5,48.085941,1270900
1/10/2020,50.330002,50.740002,48.68,48.799999,48.383377,2505700
1/13/2020,48.900002,49.055,48.130001,48.130001,47.719101,1586700
1/14/2020,48.75,49.099998,48.240002,48.459999,48.046284,2040800
1/15/2020,48.560001,49,48.244999,48.650002,48.234661,1578500
1/16/2020,48.889999,49.73,48.759998,49.630001,49.206295,2101800
1/17/2020,50,50.599998,49.77,49.849998,49.424412,1896800
1/21/2020,47.490002,47.5,45.970001,46,45.607285,4229100
1/22/2020,47,47.799999,46.66,46.990002,46.588837,4259300
1/23/2020,45.049999,45.200001,43.82,44.68,44.298553,5444400
1/24/2020,44.77,45.099998,43.619999,44.25,43.872223,3212200
1/27/2020,41.02,42.639999,40.619999,41.919998,41.562115,7312000
1/28/2020,43.060001,45.349998,43.007999,45.049999,44.665394,7404000
1/29/2020,44.939999,45.84,44.540001,45.009998,44.62574,4414600
1/30/2020,43.939999,44.299999,43.353001,44,43.624359,3948600
1/31/2020,43.900002,43.900002,42.41,43.07,42.702301,3253500
2/3/2020,43.060001,43.5,42.889999,43.119999,42.751873,3592000
2/4/2020,44.040001,44.919998,43.924999,44.310001,43.931713,3485500
2/5/2020,44.880001,44.889999,44.084999,44.459999,44.080433,2653200
2/6/2020,43.599998,44.93,43.509998,43.73,43.356663,3986600
2/7/2020,43.040001,43.16,42.5,42.709999,42.345371,4549700
2/10/2020,42.200001,42.645,41.599998,42.41,42.047935,4177200
2/11/2020,42.860001,44.23,42.849998,43.810001,43.435986,5659100
2/12/2020,44.25,45.48,44.150002,45.419998,45.032238,3515900
2/13/2020,44.889999,45.27,44.400002,45.009998,44.62574,2966300
2/14/2020,45.130001,45.209999,44.34,44.849998,44.467102,1987900
2/18/2020,44.799999,45.055,44.439999,44.799999,44.417526,4381900
2/19/2020,45.029999,46.25,44.91,46.040001,45.646946,3243800
2/20/2020,46.060001,46.759998,45.700001,46.049999,45.65686,3487100
2/21/2020,45.830002,46.16,45.490002,45.869999,45.478397,2740400
2/24/2020,43.830002,44.639999,43.439999,44.110001,43.733421,3836800
2/25/2020,44.52,45.290001,43.470001,43.810001,43.435986,4149600
2/26/2020,43.91,44.452999,43.285,43.509998,43.138538,4135900
2/27/2020,43,44.965,42.369999,43.75,43.376495,4660800
2/28/2020,42.599998,43.790001,42.259998,43.790001,43.416153,5596200
3/2/2020,43.849998,44.290001,43.009998,44.290001,43.911884,3540700
3/3/2020,44.27,45.049999,43.669998,44.77,44.508373,2739100
3/4/2020,44.779999,45.290001,44.490002,45.23,44.965687,2556200
3/5/2020,44.450001,45.049999,43.470001,44.169998,43.91188,2953200
3/6/2020,43.130001,43.860001,41.900002,42.57,42.321232,3561300
3/9/2020,40.790001,43.040001,40.419998,42.93,42.679127,3359500
3/10/2020,43.259998,44.299999,42.75,43.66,43.404861,3656200
3/11/2020,42.91,43.360001,40.970001,41.779999,41.535847,3886400
3/12/2020,39.810001,41.009998,39.16,39.240002,39.010693,4883100
3/13/2020,40.830002,41.959999,39.939999,41.73,41.486137,3936900
3/16/2020,39.25,41.98,38.330002,41.360001,41.118305,5142100
3/17/2020,41.150002,44.099998,39.724998,43.939999,43.683224,5347800
3/18/2020,41.02,42.970001,39.540001,40.759998,40.521805,3515400
3/19/2020,40.5,43.110001,39.540001,40.009998,39.776188,3666600
3/20/2020,41.040001,41.830002,39.049999,40.700001,40.462162,5471100
3/23/2020,41.43,43.060001,39.860001,41.259998,41.018887,4338500
3/24/2020,43.599998,44.189999,41.73,42.900002,42.649307,3388900
3/25/2020,43.470001,46.25,42.549999,44.459999,44.200188,3127200
3/26/2020,44.279999,45.349998,44.279999,45.049999,44.786739,2320100
3/27/2020,44.02,44.189999,41.700001,42.560001,42.311295,3007300
3/30/2020,42.150002,43,41.549999,42.310001,42.062752,2288100
3/31/2020,41.880001,43.755001,41.330002,42.630001,42.380882,2657700
4/1/2020,41.200001,42.150002,40.439999,40.990002,40.750465,3219700
4/2/2020,40.939999,42.419998,40.049999,42,41.754562,3355200
4/3/2020,42,42.18,40.5,41.290001,41.048714,2830500
4/6/2020,42,43.84,41.82,43.669998,43.414803,2266200
4/7/2020,44.369999,45.220001,43.310001,43.349998,43.096672,3297400
4/8/2020,43.150002,44.970001,43.150002,44.849998,44.58791,2237900
4/9/2020,44.77,46.290001,44.290001,45.48,45.21423,1916900
4/13/2020,45.299999,45.82,44.470001,45.75,45.482651,958800
4/14/2020,46.330002,47,45.779999,45.990002,45.721252,1677500
4/15/2020,45.720001,45.720001,44.560001,44.669998,44.408962,1567400
4/16/2020,44.849998,45,43.52,43.57,43.315388,3062000
4/17/2020,44.25,45.57,44.009998,45.369999,45.10487,2765600
4/20/2020,45.220001,45.669998,44.810001,45.209999,44.945805,4882700
4/21/2020,44.759998,45.150002,43.990002,44.439999,44.180302,3098700
4/22/2020,44.990002,45.970001,44.869999,45.66,45.393173,2730400
4/23/2020,45.59,46.060001,45.049999,45.68,45.413059,2605000
4/24/2020,45.5,46.009998,43.759998,43.950001,43.693169,2909300
4/27/2020,45.290001,46.75,44.935001,45.93,45.661598,3196400
4/28/2020,46.709999,47.380001,45.529999,45.900002,45.631775,2156900
4/29/2020,47.459999,49.959999,46.700001,49.91,49.61834,5042600
4/30/2020,49.23,50.040001,48.299999,48.459999,48.176811,3416600
5/1/2020,47.139999,47.139999,46.080002,46.41,46.138794,2683900
5/4/2020,46.07,46.200001,45.139999,45.630001,45.36335,2834700
5/5/2020,46.299999,46.970001,45.880001,46,45.731186,1124200
5/6/2020,46.5,47.43,46.5,47.220001,46.944061,2168500
5/7/2020,47.490002,47.950001,46.875,47.119999,46.844643,2098900
5/8/2020,47.560001,48.599998,47.470001,48.549999,48.266285,1963400
5/11/2020,48.529999,49.634998,48.009998,48.919998,48.634121,1941000
5/12/2020,49.240002,49.779999,48.970001,48.970001,48.683834,2425000
5/13/2020,48.970001,49.490002,48.130001,48.77,48.485001,2207600
5/14/2020,48.02,49.16,47.588001,48.810001,48.524769,2904200
5/15/2020,48.619999,49.214001,46.715,47.150002,46.87447,3192500
5/18/2020,48.220001,48.355,46.299999,46.560001,46.287918,2976900
5/19/2020,46.889999,48.965,46.810001,48.75,48.465118,2553000
5/20/2020,49.380001,49.895,49.18,49.48,49.190853,2350200
5/21/2020,49.290001,49.290001,47,47.52,47.242302,2976800
5/22/2020,46.610001,46.610001,43.5,43.630001,43.375038,4664600
5/26/2020,45.400002,46.095001,45,45.09,44.826508,5022800
5/27/2020,45.830002,46.189999,44.59,45.09,44.826508,3072400
5/28/2020,45.59,46.09,44.380001,44.380001,44.120659,2361200
5/29/2020,44.349998,46.349998,44.110001,46.34,46.069202,4361200
6/1/2020,46.650002,47.25,46.200001,46.970001,46.695518,1801500
6/2/2020,47.200001,47.540001,46.669998,47.529999,47.252247,2833300
6/3/2020,48.419998,49.41,48.16,49,48.713654,2494500
6/4/2020,48.610001,49.790001,48.310001,49.610001,49.320095,2579200
6/5/2020,50,50.5,49.41,49.720001,49.429451,1849100
6/8/2020,50,51.52,49.880001,51.490002,51.189106,2078500
6/9/2020,51.099998,51.360001,50.299999,50.939999,50.642315,1929200
6/10/2020,50.740002,50.990002,49.66,50.209999,49.916584,1460100
6/11/2020,49.16,49.889999,48.439999,48.73,48.445236,1924600
6/12/2020,50.02,50.639999,48.825001,49.25,48.962196,2351400
6/15/2020,47.880001,47.903,46.669998,47.529999,47.252247,3562200
6/16/2020,48.610001,48.610001,46.619999,47.27,46.993767,3302400
6/17/2020,49.139999,51.529999,48.02,50.68,50.383842,5286100
6/18/2020,49.810001,50.720001,49.709999,50.389999,50.095535,2132700
6/19/2020,52.02,52.610001,51.205002,51.310001,51.010162,2751500
6/22/2020,51.060001,51.650002,50.599998,50.959999,50.662201,1658400
6/23/2020,51.240002,51.360001,50.43,50.810001,50.513084,1585400
6/24/2020,50.299999,50.630001,48.665001,49.700001,49.409565,1755400
6/25/2020,49.59,50.040001,48.950001,49.82,49.528866,1864900
6/26/2020,49.779999,50.619999,48.970001,49.66,49.369801,6619200
6/29/2020,49.419998,49.529999,48.360001,48.970001,48.683834,1445300
6/30/2020,49,49,47.529999,48.07,47.789089,2702600
7/1/2020,48.07,48.619999,47.66,47.669998,47.391426,1476500
7/2/2020,48.584999,49.849998,48.290001,49.439999,49.151085,2529200
7/6/2020,50.669998,51.25,49.75,50.439999,50.145237,2697300
7/7/2020,50.110001,51.43,49.695,50.580002,50.284428,1979600
7/8/2020,51,51.540001,50.349998,51.110001,50.811325,1865300
7/9/2020,51.360001,51.959999,50.619999,51.48,51.179169,1746000
7/10/2020,51.209999,51.400002,50.560001,51.389999,51.089691,792600
7/13/2020,51.57,52.740002,50.68,50.709999,50.413662,2053000
7/14/2020,50.240002,50.619999,49.509998,50.560001,50.264538,1649900
7/15/2020,51.099998,52.52,50.744999,52.48,52.173321,1559500
7/16/2020,51.209999,51.990002,51.115002,51.77,51.467472,1163800
7/17/2020,52.060001,52.91,51.838001,52.549999,52.242908,2052700
7/20/2020,52.810001,53.700001,52.610001,53.16,52.849346,1522200
7/21/2020,53.59,54.68,53.415001,53.580002,53.266895,1332500
7/22/2020,53.669998,53.919998,53.150002,53.330002,53.018356,946300
7/23/2020,53.32,53.740002,52.049999,52.509998,52.203144,961300
7/24/2020,51.5,52.740002,51.215,52.639999,52.332386,1172400
7/27/2020,52.830002,53.424999,52.5,53.240002,52.928879,972500
7/28/2020,53.240002,53.240002,52.18,52.599998,52.292618,1640800
7/29/2020,52.209999,53.860001,52.209999,53.75,53.435898,2297300
7/30/2020,50.389999,52.970001,49.880001,50.75,50.45343,3609500
7/31/2020,50.5,52,50.060001,51.240002,50.940567,2661700
8/3/2020,51.599998,52.450001,51.459999,52.220001,51.914841,1359600
8/4/2020,52.43,52.965,51.880001,52.639999,52.332386,1193700
8/5/2020,53,53.669998,52.68,53.189999,52.879169,1109000
8/6/2020,53.73,54.285,53.189999,54.259998,53.942917,1384500
8/7/2020,54.02,54.290001,53.029999,53.349998,53.038235,1548400
8/10/2020,53.389999,53.77,52.75,52.91,52.600807,1085400
8/11/2020,53.200001,54.169998,53.200001,53.790001,53.475666,1581400
8/12/2020,54,54.959999,53.830002,54.919998,54.59906,1270300
8/13/2020,54.919998,55.145,54.209999,54.450001,54.131805,1469300
8/14/2020,54.41,54.705002,54.119999,54.509998,54.191456,1440500
8/17/2020,54.759998,56.09,54.630001,55.619999,55.294971,1340700
8/18/2020,55.799999,55.939999,54.799999,55.75,55.424213,1034600
8/19/2020,55.669998,55.689999,54.5,54.599998,54.28093,1241300
8/20/2020,54.529999,54.529999,53.740002,53.950001,53.634731,1938000
8/21/2020,54.169998,54.834,54.009998,54.639999,54.320698,1278100
8/24/2020,55.049999,55.41,54.290001,54.59,54.270992,846300
8/25/2020,55,55.240002,54.814999,55.07,54.748184,874300
8/26/2020,55.169998,55.790001,54.450001,55.400002,55.07626,865500
8/27/2020,55.619999,55.740002,54.950001,55.200001,54.877426,773100
8/28/2020,56.169998,56.939999,55.560001,56.5,56.16983,2300900
8/31/2020,58.049999,59.349998,57.595001,57.709999,57.372757,3621000
9/1/2020,58.610001,58.610001,57.580002,58.290001,57.949371,2429600
9/2/2020,58.5,58.68,57.540001,57.93,57.591473,2290400
9/3/2020,57.5,57.759998,55.599998,55.919998,55.59322,2508500
9/4/2020,54.299999,54.330002,52.099998,53.82,53.505486,5310900
9/8/2020,52.939999,53.154999,52.200001,52.32,52.014256,2654800
9/9/2020,52.080002,53.57,52.080002,53.200001,52.889114,3911200
9/10/2020,51.25,51.389999,50.25,50.66,50.363956,10557300
9/11/2020,51,51.990002,51,51.360001,51.059868,8553000
9/14/2020,52.25,52.75,51.939999,52.169998,51.865131,2648000
9/15/2020,52.34,52.549999,51.59,52,51.696125,2401900
9/16/2020,52.16,52.950001,51.880001,51.970001,51.666302,1763900
9/17/2020,51.52,52.029999,51.435001,52.009998,51.706066,2194800
9/18/2020,52.130001,52.279999,50.740002,51.299999,51.000214,2539300
9/21/2020,50.290001,51.009998,49.810001,50.720001,50.423607,1693300
9/22/2020,50.689999,51.34,50.139999,51.200001,50.900803,1663500
9/23/2020,50.869999,50.959999,50.150002,50.360001,50.065708,2317600
9/24/2020,50.049999,51.84,49.860001,51.389999,51.089691,2589900
9/25/2020,51.09,51.459999,50.209999,51.43,51.129459,1467900
9/28/2020,51.869999,52.049999,51.52,52,51.696125,1387400
9/29/2020,52.049999,52.049999,51.465,51.560001,51.258701,2374500
9/30/2020,51.939999,53.130001,51.84,52.950001,52.640575,2218500
10/1/2020,53.5,53.599998,52.904999,53,52.690285,1061000
10/2/2020,52.220001,53.43,52.194,52.98,52.670399,723200
10/5/2020,53.169998,53.720001,52.790001,53.549999,53.237068,1492800
10/6/2020,53.470001,54.23,53.139999,53.310001,52.99847,2461100
10/7/2020,53.799999,53.915001,52.650002,53.369999,53.058121,1468700
10/8/2020,53.380001,53.900002,53.009998,53.720001,53.406078,1225000
10/9/2020,53.959999,54.700001,53.5,53.990002,53.674496,1179800
10/12/2020,54.279999,54.279999,53.5,53.900002,53.585022,1372500
10/13/2020,54.07,54.450001,53.630001,54.169998,53.853443,1460600
10/14/2020,53.939999,54.169998,53.25,53.41,53.097885,2160100
10/15/2020,52.799999,53.799999,52.099998,53.34,53.028297,2357400
10/16/2020,53.66,54.169998,53.439999,53.48,53.167473,2472200
10/19/2020,53.599998,54.060001,52.759998,52.799999,52.491451,2133400
10/20/2020,53.119999,54.09,53.119999,53.73,53.416016,2460500
10/21/2020,53.93,54.459999,53.48,53.82,53.505486,2003100
10/22/2020,54.110001,54.939999,53.610001,54.700001,54.380348,2504000
10/23/2020,54.740002,55.490002,53.919998,55.27,54.947018,1630400
10/26/2020,54.73,55.220001,54.049999,54.630001,54.31076,1513400
10/27/2020,54.779999,54.84,53.970001,53.98,53.664555,2451000
10/28/2020,53.220001,53.549999,52.220001,52.220001,51.914841,2441000
10/29/2020,54.490002,55.279999,53.169998,54.220001,53.903152,3938600
10/30/2020,53.889999,54.060001,52.950001,53.23,52.918938,3483200
11/2/2020,53.59,53.895,52.18,52.650002,52.342331,3736500
11/3/2020,52.630001,53.400002,52.5,53.150002,52.839409,3794500
11/4/2020,53.580002,56.049999,52.91,55.240002,54.917194,3502500
11/5/2020,55.669998,56.16,55.040001,56.02,55.692635,2870700
11/6/2020,56.150002,57.605,56.110001,57.200001,56.865738,2250200
11/9/2020,58.509998,58.98,57.360001,57.369999,57.03474,3478900
11/10/2020,57.259998,57.68,56.560001,57.330002,56.99498,3261300
11/11/2020,57.619999,59.049999,57.487,58.84,58.496159,2069400
11/12/2020,58.470001,59.055,57.689999,57.700001,57.362816,1940900
11/13/2020,58.169998,58.23,57.169998,57.759998,57.422462,1233400
11/16/2020,58.240002,58.490002,57.84,58.049999,57.71077,1678600
11/17/2020,58.23,58.630001,57.668999,57.799999,57.462231,1710600
11/18/2020,58.490002,60.080002,58.348,59.810001,59.460491,5008200
11/19/2020,60.18,60.919998,60.084999,60.25,59.897915,2696500
11/20/2020,60.02,60.970001,59.740002,60.110001,59.758732,1736300
11/23/2020,60.549999,60.549999,59.470001,59.84,59.490311,1661800
11/24/2020,60.060001,60.799999,59.950001,60.369999,60.13781,2029200
11/25/2020,59.880001,59.98,58.669998,58.709999,58.484196,1794800
11/27/2020,58.75,59.16,58.200001,58.400002,58.175388,1116100
11/30/2020,57.810001,57.825001,56.32,56.380001,56.163155,6564700
12/1/2020,57.66,58.700001,57.279999,58.169998,57.94627,2223000
12/2/2020,57.849998,58,56.259998,56.619999,56.402229,2597700
12/3/2020,57.259998,57.799999,56.599998,56.810001,56.591503,2290500
12/4/2020,57.400002,57.73,56.290001,56.759998,56.541695,2756200
12/7/2020,57.23,57.945,56.77,57.110001,56.890347,2727600
12/8/2020,56.889999,57.240002,56.599998,57.209999,56.989964,1380000
12/9/2020,57.130001,57.215,56.400002,56.759998,56.541695,1535500
12/10/2020,56.939999,57.98,56.830002,57.360001,57.139389,1724700
12/11/2020,56.470001,57.330002,56.32,56.790001,56.571579,1306300
12/14/2020,57.009998,57.290001,56.57,56.75,56.531731,1641800
12/15/2020,57.349998,57.66,56.349998,57.470001,57.248962,1426300
12/16/2020,57.68,58.369999,57.369999,57.82,57.597618,1782200
12/17/2020,58.389999,58.77,57.66,58.290001,58.065811,2593000
12/18/2020,58.400002,58.77,57.68,58.240002,58.016003,2079400
12/21/2020,57.369999,57.919998,57.18,57.610001,57.388428,1172700
12/22/2020,57.389999,57.48,56.369999,57.209999,56.989964,1522700
12/23/2020,57.560001,58,57.27,57.549999,57.328655,821900
12/24/2020,57.669998,57.790001,57.259998,57.709999,57.488041,263700
12/28/2020,57.59,57.650002,56.689999,57.119999,56.900311,834000
12/29/2020,57.419998,57.700001,56.66,56.84,56.621387,913700
12/30/2020,57.509998,57.974998,57.07,57.119999,56.900311,863100
12/31/2020,57.16,57.41,56.689999,57.09,56.870426,753700
1/4/2021,57.509998,58.5,56.59,57.049999,56.830578,2235000
1/5/2021,57.450001,58.360001,57.43,58.209999,57.986118,1284200
1/6/2021,58.389999,59.119999,57.720001,58.02,57.796848,1417100
1/7/2021,57.77,58.310001,56.860001,58.060001,57.836697,2001700
1/8/2021,58.439999,59.900002,58.439999,59.869999,59.639732,1657100
1/11/2021,59.830002,61.18,59.470001,59.779999,59.550076,1916300
1/12/2021,59.939999,60.009998,57.639999,58.189999,57.966194,1776900
1/13/2021,57.790001,58.52,57.41,58.41,58.185349,1754500
1/14/2021,58.740002,58.82,57.435001,57.490002,57.26889,1257000
1/15/2021,57.369999,57.540001,56.759998,57.16,56.940155,1283600
1/19/2021,58,59.98,57.889999,59.290001,59.061962,2408000
1/20/2021,59.560001,59.860001,58.73,59.040001,58.812927,2094300
1/21/2021,58.93,59.674999,58.32,59.310001,59.08189,1194400
1/22/2021,59.110001,59.110001,58.110001,58.720001,58.49416,1905700
1/25/2021,59.09,59.855,58.369999,58.369999,58.1455,1440200
1/26/2021,58.349998,59.43,57.66,59.34,59.111771,1078700
1/27/2021,59.130001,59.459999,57.650002,58.07,57.846657,1479600
1/28/2021,58,58,56.360001,57.02,56.800697,1395200
1/29/2021,56.82,57.450001,56.509998,56.709999,56.491886,1523500
2/1/2021,57.299999,58.040001,57.080002,57.779999,57.55777,1418300
2/2/2021,58.619999,59.650002,58.18,58.5,58.275002,1591900
2/3/2021,58.509998,59.990002,57.119999,57.279999,57.059692,2466300
2/4/2021,56,56.669998,55.029999,55.98,55.764694,3190300
2/5/2021,56.580002,57.91,56.470001,57.389999,57.16927,2536800
2/8/2021,57.720001,59.720001,57.145,59.66,59.430538,2910600
2/9/2021,59.919998,62.474998,59.599998,61.060001,60.825161,2998100
2/10/2021,61.549999,62.490002,60.290001,60.5,60.267311,2839500
2/11/2021,60.830002,61.959999,60.599998,61.75,61.512505,1423000
2/12/2021,61.639999,62.790001,61.505001,62.59,62.349274,826300
2/16/2021,62.419998,64.629997,62.419998,64.349998,64.102501,2931000
2/17/2021,64.07,64.639999,63.509998,64.18,63.933159,2818000
2/18/2021,63.150002,63.91,62.470001,63.299999,63.056538,2250100
2/19/2021,63.740002,64.190002,62.48,62.560001,62.319389,2323600
2/22/2021,62.59,62.720001,60.709999,61.5,61.263466,3029400
2/23/2021,61.330002,61.330002,59.490002,60.119999,59.888771,4036100
2/24/2021,60,60.720001,59.299999,60.330002,60.097969,1931100
2/25/2021,60.48,60.93,59.400002,60.16,59.928619,3844200
2/26/2021,59.77,60.84,59.389999,59.84,59.609848,3686800
3/1/2021,60.57,61.040001,59.389999,59.84,59.609848,1845300
3/2/2021,59.470001,59.880001,59.150002,59.310001,59.200607,3447900
3/3/2021,59.599998,60.77,59.560001,59.610001,59.500053,1565200
3/4/2021,59.799999,61.099998,58.93,59.18,59.070847,3039600
3/5/2021,59.889999,61.189999,59.155998,60.419998,60.308556,2356000
3/8/2021,60.419998,61.5,60.23,60.970001,60.857544,2578500
3/9/2021,61.130001,62.09,61.099998,61.490002,61.376587,2093300
3/10/2021,61.560001,61.700001,60.209999,60.639999,60.528152,2008500
3/11/2021,61.07,61.889999,60.990002,61.650002,61.536289,1522000
3/12/2021,61.369999,61.435001,60.599998,61.18,61.067158,1068000
3/15/2021,61.200001,62.91,60.200001,62.68,62.564388,2255900
3/16/2021,62.630001,63.349998,61.990002,62.150002,62.03537,1756200
3/17/2021,61.98,61.98,61,61.25,61.137028,2382100
3/18/2021,61.07,61.330002,60.049999,60.549999,60.438316,1231500
3/19/2021,60.599998,61.09,60.200001,60.549999,60.438316,2612400
3/22/2021,60.919998,61.830002,60.619999,61.16,61.047192,1383200
3/23/2021,60.759998,60.849998,60.02,60.18,60.069,1305600
3/24/2021,60.049999,60.669998,59.509998,60.290001,60.178799,2215200
3/25/2021,59.950001,60.630001,59.209999,59.720001,59.609848,1662500
3/26/2021,59.650002,60,58.310001,59.419998,59.310402,1863000
3/29/2021,59.5,59.5,57.889999,58.41,58.302265,1881100
3/30/2021,58.040001,59.169998,58.009998,58.630001,58.521858,1401400
3/31/2021,58.759998,59.68,58.5,59.209999,59.100788,2761800
4/1/2021,59.93,59.950001,59,59.130001,59.020939,1065500
4/5/2021,59.34,59.650002,58.990002,59.209999,59.100788,1189100
4/6/2021,59.439999,60.27,59.25,59.869999,59.759571,2065000
4/7/2021,59.689999,60.029999,58.759998,59.759998,59.649773,1637400
4/8/2021,60.380001,61.09,59.990002,60.189999,60.078979,1523400
4/9/2021,59.689999,60.27,59.130001,59.849998,59.739609,1408400
4/12/2021,59.68,60.139999,59.580002,60.029999,59.919277,1567300
4/13/2021,60.189999,60.82,60.040001,60.23,60.118908,1356900
4/14/2021,59.970001,60.400002,59.560001,59.869999,59.759571,930000
4/15/2021,60.029999,60.259998,59.57,59.799999,59.689701,1094300
4/16/2021,60.110001,60.549999,59.810001,60.099998,59.989147,792700
4/19/2021,60.619999,60.779999,59.52,59.529999,59.420197,1163200
4/20/2021,59.080002,59.359001,58.220001,59,58.891178,3145300
4/21/2021,58.73,59.049999,58.389999,58.470001,58.362156,2346500
4/22/2021,58.450001,59.080002,57.919998,58.740002,58.631657,3428900
4/23/2021,59.02,59.310001,58.52,59.130001,59.020939,1536600
4/26/2021,59.549999,60.380001,59.130001,59.93,59.819462,3240900
4/27/2021,60.330002,60.560001,59.759998,59.91,59.7995,3185300
4/28/2021,61.470001,63.720001,61.099998,63.419998,63.30302,3129400
4/29/2021,63.610001,63.900002,62.740002,63.16,63.043503,1780900
4/30/2021,63.029999,63.759998,62.689999,62.919998,62.803944,1548900
5/3/2021,63.25,63.34,61.805,62.099998,61.985458,1994600
5/4/2021,62.18,62.349998,61.259998,61.610001,61.496365,2415600
5/5/2021,61.599998,62.235001,61.509998,61.970001,61.855701,824100
5/6/2021,62.27,62.299999,61.52,61.959999,61.845715,1653700
5/7/2021,61.950001,62.599998,61.689999,62.110001,61.995441,2040300
5/10/2021,61.810001,61.959999,60.619999,60.75,60.637947,1553600
5/11/2021,60.34,61.990002,60.259998,61.82,61.705975,1921700
5/12/2021,61.380001,61.5,60.189999,60.23,60.118908,2303300
5/13/2021,60.66,61.764999,60.509998,61.27,61.15699,2336200
5/14/2021,61.68,63.505001,61.580002,63.119999,63.003574,1915400
5/17/2021,62.650002,63.830002,62.650002,63.459999,63.342949,1522900
5/18/2021,63.740002,64.620003,63.450001,63.82,63.702286,1950400
5/19/2021,63.470001,65.150002,63.119999,65,64.880112,3243400
5/20/2021,65,65.610001,64.730003,65.190002,65.069763,2935100
5/21/2021,65.18,65.400002,64.589996,65.059998,64.939995,1419900
5/24/2021,65.07,65.629997,64.870003,65.139999,65.139999,1218000
5/25/2021,65.589996,65.849998,65.040001,65.190002,65.190002,1115000
5/26/2021,65.510002,66.279999,65,65.860001,65.860001,1358800
5/27/2021,66.129997,67.129997,65.93,67.07,67.07,4975500
5/28/2021,66.720001,67.970001,66.519997,67.639999,67.639999,3122400
6/1/2021,68.209999,69.410004,67.889999,68.699997,68.699997,3747000
6/2/2021,68.800003,69.669998,68.699997,69.400002,69.400002,4003800
6/3/2021,69.019997,69.199997,67.639999,67.790001,67.790001,1820500
6/4/2021,67.93,68.379997,67.629997,68.150002,68.150002,1111900
6/7/2021,68.150002,68.809998,68,68.800003,68.800003,1467600
6/8/2021,68.980003,69.379997,68.449997,69.32,69.32,2451300
6/9/2021,69.400002,69.580002,68.550003,68.599998,68.599998,2039200
